t_end	machine	backend	problem	m	config	threads	cpuset	param_sha	repeat	wall_s	mainloop_s	iters	phase	obj	peak_rss_MB	status	n_load_samples	busy_sib_mean	busy_sib_max	busy_bench_mean	foreign_mean	foreign_max	threads_max	load_note
1785967104.196	thanos-epyc7232p	qd	control1	21	base_t1	1	0	0abc064f632dd6ff	1	0.64	0.632047	46	pdOPT	1.7784626717523405e+01	11.1	ok	1	0.212	0.212	0.927	0.348	0.348	1	nearest
1785967104.880	thanos-epyc7232p	qd	control1	21	base_t1	1	0	0abc064f632dd6ff	2	0.60	0.591558	46	pdOPT	1.7784626717523405e+01	11.2	ok	1	0.192	0.192	1.017	1.036	1.036	1	nearest
1785967105.406	thanos-epyc7232p	qd	control1	21	base_t1	1	0	0abc064f632dd6ff	3	0.45	0.443611	46	pdOPT	1.7784626717523405e+01	11.3	ok	1	0.307	0.307	1.056	1.190	1.190	1	nearest
1785967106.229	thanos-epyc7232p	qd	control1	21	base_t8	8	0-7	0abc064f632dd6ff	1	0.36	0.356031	46	pdOPT	1.7784626717523405e+01	11.2	ok	1	0.595	0.595	0.499	0.710	0.710	1	nearest
1785967106.685	thanos-epyc7232p	qd	control1	21	base_t8	8	0-7	0abc064f632dd6ff	2	0.36	0.357233	46	pdOPT	1.7784626717523405e+01	11.3	ok	1	0.173	0.173	1.074	0.729	0.729	1	nearest
1785967107.132	thanos-epyc7232p	qd	control1	21	base_t8	8	0-7	0abc064f632dd6ff	3	0.36	0.357084	46	pdOPT	1.7784626717523405e+01	11.2	ok	1	0.211	0.211	1.132	0.729	0.729	1	nearest
1785967107.911	thanos-epyc7232p	qd	control1	21	head_t1	1	0	0abc064f632dd6ff	1	0.35	0.348804	46	pdOPT	1.7784626717523405e+01	11.2	ok	1	0.115	0.115	1.248	0.960	0.960	1	nearest
1785967108.332	thanos-epyc7232p	qd	control1	21	head_t1	1	0	0abc064f632dd6ff	2	0.35	0.349251	46	pdOPT	1.7784626717523405e+01	11.2	ok	1	0.115	0.115	1.248	0.960	0.960	1	nearest
1785967108.751	thanos-epyc7232p	qd	control1	21	head_t1	1	0	0abc064f632dd6ff	3	0.35	0.349040	46	pdOPT	1.7784626717523405e+01	11.2	ok	1	0.154	0.154	1.113	0.768	0.768	1	nearest
1785967109.407	thanos-epyc7232p	qd	control1	21	head_t8	8	0-7	0abc064f632dd6ff	1	0.28	0.277564	46	pdOPT	1.7784626717523405e+01	11.3	ok	1	0.212	0.212	5.620	4.831	4.831	8	nearest
1785967109.772	thanos-epyc7232p	qd	control1	21	head_t8	8	0-7	0abc064f632dd6ff	2	0.28	0.276646	46	pdOPT	1.7784626717523405e+01	11.3	ok	1	0.173	0.173	6.814	3.619	3.619	8	nearest
1785967110.137	thanos-epyc7232p	qd	control1	21	head_t8	8	0-7	0abc064f632dd6ff	3	0.28	0.276424	46	pdOPT	1.7784626717523405e+01	11.3	ok	1	0.155	0.155	5.582	5.775	5.775	1	nearest
1785967235.792	thanos-epyc7232p	qd	gpp100	101	base_t1	1	0	0abc064f632dd6ff	1	62.89	62.854075	49	pFEAS	-4.4943550775891147e+01	11.4	ok	120	0.269	1.365	1.499	0.779	2.845	1	ok
1785967298.698	thanos-epyc7232p	qd	gpp100	101	base_t1	1	0	0abc064f632dd6ff	2	62.84	62.798930	49	pFEAS	-4.4943550775891147e+01	11.2	ok	119	0.229	0.499	1.343	0.574	0.940	1	ok
1785967361.628	thanos-epyc7232p	qd	gpp100	101	base_t1	1	0	0abc064f632dd6ff	3	62.86	62.821425	49	pFEAS	-4.4943550775891147e+01	11.2	ok	120	0.237	0.461	1.341	0.579	0.921	1	ok
1785967487.343	thanos-epyc7232p	qd	gpp100	101	base_t8	8	0-7	0abc064f632dd6ff	1	62.85	62.807478	49	pFEAS	-4.4943550775891147e+01	11.2	ok	119	0.210	0.365	1.351	0.563	0.864	1	ok
1785967550.254	thanos-epyc7232p	qd	gpp100	101	base_t8	8	0-7	0abc064f632dd6ff	2	62.82	62.775949	49	pFEAS	-4.4943550775891147e+01	11.2	ok	120	0.242	0.441	1.337	0.580	0.958	1	ok
1785967613.203	thanos-epyc7232p	qd	gpp100	101	base_t8	8	0-7	0abc064f632dd6ff	3	62.85	62.812217	49	pFEAS	-4.4943550775891147e+01	11.3	ok	120	0.208	0.423	1.343	0.552	0.845	1	ok
1785967734.783	thanos-epyc7232p	qd	gpp100	101	head_t1	1	0	0abc064f632dd6ff	1	60.81	60.774190	50	pFEAS	-4.4943550775891147e+01	11.3	ok	116	0.191	0.403	1.345	0.537	0.998	1	ok
1785967795.676	thanos-epyc7232p	qd	gpp100	101	head_t1	1	0	0abc064f632dd6ff	2	60.82	60.779755	50	pFEAS	-4.4943550775891147e+01	11.3	ok	116	0.185	0.365	1.396	0.583	0.940	1	ok
1785967856.620	thanos-epyc7232p	qd	gpp100	101	head_t1	1	0	0abc064f632dd6ff	3	60.87	60.829032	50	pFEAS	-4.4943550775891147e+01	11.4	ok	116	0.253	0.921	1.339	0.594	1.766	1	ok
1785967898.837	thanos-epyc7232p	qd	gpp100	101	head_t8	8	0-7	0abc064f632dd6ff	1	20.97	20.923282	50	pFEAS	-4.4943550775891147e+01	11.2	ok	39	0.394	0.618	6.011	0.432	0.792	8	ok
1785967919.794	thanos-epyc7232p	qd	gpp100	101	head_t8	8	0-7	0abc064f632dd6ff	2	20.88	20.800945	50	pFEAS	-4.4943550775891147e+01	11.3	ok	40	0.338	0.485	6.014	0.365	0.654	8	ok
1785967940.766	thanos-epyc7232p	qd	gpp100	101	head_t8	8	0-7	0abc064f632dd6ff	3	20.88	20.835219	50	pFEAS	-4.4943550775891147e+01	11.3	ok	39	0.381	0.731	6.011	0.408	0.999	8	ok
1785967952.283	thanos-epyc7232p	qd	theta1	104	base_t1	1	0	0abc064f632dd6ff	1	5.72	5.710355	43	pdOPT	2.3000000000000000e+01	11.3	ok	10	0.273	0.383	1.505	0.781	0.941	1	ok
1785967958.089	thanos-epyc7232p	qd	theta1	104	base_t1	1	0	0abc064f632dd6ff	2	5.74	5.728515	43	pdOPT	2.3000000000000000e+01	11.2	ok	10	0.546	0.732	1.881	1.436	1.791	1	ok
1785967963.920	thanos-epyc7232p	qd	theta1	104	base_t1	1	0	0abc064f632dd6ff	3	5.76	5.752228	43	pdOPT	2.3000000000000000e+01	11.3	ok	10	0.576	0.714	1.815	1.398	1.693	1	ok
1785967975.080	thanos-epyc7232p	qd	theta1	104	base_t8	8	0-7	0abc064f632dd6ff	1	5.56	5.542464	43	pdOPT	2.3000000000000000e+01	11.2	ok	10	1.388	1.785	2.953	2.543	2.852	8	ok
1785967980.670	thanos-epyc7232p	qd	theta1	104	base_t8	8	0-7	0abc064f632dd6ff	2	5.50	5.486855	43	pdOPT	2.3000000000000000e+01	11.4	ok	10	1.079	1.527	2.572	1.883	2.491	8	ok
1785967986.232	thanos-epyc7232p	qd	theta1	104	base_t8	8	0-7	0abc064f632dd6ff	3	5.49	5.473915	43	pdOPT	2.3000000000000000e+01	11.3	ok	9	0.324	0.422	1.999	0.478	0.633	8	ok
1785967997.412	thanos-epyc7232p	qd	theta1	104	head_t1	1	0	0abc064f632dd6ff	1	5.58	5.565911	43	pdOPT	2.3000000000000000e+01	11.3	ok	10	1.158	1.379	2.532	2.699	2.914	1	ok
1785968003.020	thanos-epyc7232p	qd	theta1	104	head_t1	1	0	0abc064f632dd6ff	2	5.53	5.521879	43	pdOPT	2.3000000000000000e+01	11.3	ok	10	0.276	0.730	1.492	0.763	1.920	1	ok
1785968008.614	thanos-epyc7232p	qd	theta1	104	head_t1	1	0	0abc064f632dd6ff	3	5.53	5.514007	43	pdOPT	2.3000000000000000e+01	11.4	ok	9	0.167	0.251	1.381	0.536	0.672	1	ok
1785968015.515	thanos-epyc7232p	qd	theta1	104	head_t8	8	0-7	0abc064f632dd6ff	1	3.40	3.390393	43	pdOPT	2.3000000000000000e+01	11.3	ok	6	0.401	0.482	5.675	0.469	0.617	8	ok
1785968018.973	thanos-epyc7232p	qd	theta1	104	head_t8	8	0-7	0abc064f632dd6ff	2	3.39	3.376644	43	pdOPT	2.3000000000000000e+01	11.3	ok	5	0.396	0.498	5.519	0.369	0.580	8	ok
1785968022.471	thanos-epyc7232p	qd	theta1	104	head_t8	8	0-7	0abc064f632dd6ff	3	3.40	3.392475	43	pdOPT	2.3000000000000000e+01	11.2	ok	5	0.428	0.540	5.485	0.405	0.791	8	ok
1785968064.110	thanos-epyc7232p	qd	truss5	208	base_t1	1	0	0abc064f632dd6ff	1	20.78	20.742278	48	pdOPT	-1.3263567797250604e+02	11.4	ok	39	0.071	0.231	1.142	0.215	0.788	1	ok
1785968084.991	thanos-epyc7232p	qd	truss5	208	base_t1	1	0	0abc064f632dd6ff	2	20.81	20.774462	48	pdOPT	-1.3263567797250604e+02	11.3	ok	39	0.047	0.211	1.109	0.159	0.576	1	ok
1785968105.873	thanos-epyc7232p	qd	truss5	208	base_t1	1	0	0abc064f632dd6ff	3	20.81	20.773525	48	pdOPT	-1.3263567797250604e+02	11.3	ok	39	0.074	0.325	1.143	0.219	0.916	1	ok
1785968138.637	thanos-epyc7232p	qd	truss5	208	base_t8	8	0-7	0abc064f632dd6ff	1	16.35	16.309126	48	pdOPT	-1.3263567797250604e+02	11.3	ok	30	0.088	0.309	2.119	0.155	0.480	8	ok
1785968155.084	thanos-epyc7232p	qd	truss5	208	base_t8	8	0-7	0abc064f632dd6ff	2	16.35	16.313097	48	pdOPT	-1.3263567797250604e+02	11.3	ok	31	0.168	0.498	2.185	0.278	0.730	8	ok
1785968171.538	thanos-epyc7232p	qd	truss5	208	base_t8	8	0-7	0abc064f632dd6ff	3	16.36	16.317883	48	pdOPT	-1.3263567797250604e+02	11.3	ok	30	0.097	0.192	2.095	0.129	0.346	8	ok
1785968213.022	thanos-epyc7232p	qd	truss5	208	head_t1	1	0	0abc064f632dd6ff	1	20.71	20.674730	48	pdOPT	-1.3263567797250604e+02	11.2	ok	39	0.108	0.288	1.095	0.204	0.557	1	ok
1785968233.809	thanos-epyc7232p	qd	truss5	208	head_t1	1	0	0abc064f632dd6ff	2	20.72	20.678487	48	pdOPT	-1.3263567797250604e+02	11.3	ok	39	0.108	0.384	1.171	0.279	0.691	1	ok
1785968254.570	thanos-epyc7232p	qd	truss5	208	head_t1	1	0	0abc064f632dd6ff	3	20.69	20.653345	48	pdOPT	-1.3263567797250604e+02	11.4	ok	39	0.053	0.307	1.133	0.186	0.653	1	ok
1785968284.621	thanos-epyc7232p	qd	truss5	208	head_t8	8	0-7	0abc064f632dd6ff	1	14.98	14.939171	48	pdOPT	-1.3263567797250604e+02	11.3	ok	28	0.081	0.211	3.840	0.132	0.406	8	ok
1785968299.698	thanos-epyc7232p	qd	truss5	208	head_t8	8	0-7	0abc064f632dd6ff	2	14.99	14.952761	48	pdOPT	-1.3263567797250604e+02	11.3	ok	28	0.123	0.367	3.860	0.178	0.462	8	ok
1785968314.777	thanos-epyc7232p	qd	truss5	208	head_t8	8	0-7	0abc064f632dd6ff	3	14.99	14.952897	48	pdOPT	-1.3263567797250604e+02	11.2	ok	28	0.105	0.368	3.835	0.146	0.523	8	ok
1785968835.434	thanos-epyc7232p	qd	arch0	174	base_t1	1	0	0abc064f632dd6ff	1	260.42	260.360722	53	pdOPT	5.6651727321592960e-01	14.2	ok	499	0.223	0.480	1.351	0.575	0.979	1	ok
1785969096.075	thanos-epyc7232p	qd	arch0	174	base_t1	1	0	0abc064f632dd6ff	2	260.57	260.512532	53	pdOPT	5.6651727321592960e-01	14.1	ok	499	0.219	0.614	1.353	0.574	1.094	1	ok
1785969356.799	thanos-epyc7232p	qd	arch0	174	base_t1	1	0	0abc064f632dd6ff	3	260.66	260.598401	53	pdOPT	5.6651727321592960e-01	14.2	ok	500	0.239	1.492	1.359	0.600	2.085	1	ok
1785969693.260	thanos-epyc7232p	qd	arch0	174	base_t8	8	0-7	0abc064f632dd6ff	1	168.19	168.131445	53	pdOPT	5.6651727321592960e-01	14.1	ok	322	0.276	0.734	2.348	0.573	1.115	8	ok
1785969861.456	thanos-epyc7232p	qd	arch0	174	base_t8	8	0-7	0abc064f632dd6ff	2	168.11	168.051246	53	pdOPT	5.6651727321592960e-01	14.1	ok	322	0.225	0.560	2.278	0.451	1.038	8	ok
1785970029.044	thanos-epyc7232p	qd	arch0	174	base_t8	8	0-7	0abc064f632dd6ff	3	167.50	167.437127	53	pdOPT	5.6651727321592960e-01	14.1	ok	321	0.092	0.405	2.103	0.167	0.883	8	ok
1785970532.401	thanos-epyc7232p	qd	arch0	174	head_t1	1	0	0abc064f632dd6ff	1	252.08	252.021629	53	pdOPT	5.6651727321592960e-01	14.2	ok	483	0.221	0.577	1.331	0.554	1.037	1	ok
1785970784.586	thanos-epyc7232p	qd	arch0	174	head_t1	1	0	0abc064f632dd6ff	2	252.12	252.058132	53	pdOPT	5.6651727321592960e-01	14.2	ok	483	0.224	0.935	1.362	0.588	1.518	1	ok
1785971036.942	thanos-epyc7232p	qd	arch0	174	head_t1	1	0	0abc064f632dd6ff	3	252.29	252.229762	53	pdOPT	5.6651727321592960e-01	14.2	ok	484	0.338	1.359	1.519	0.859	3.075	1	ok
1785971194.701	thanos-epyc7232p	qd	arch0	174	head_t8	8	0-7	0abc064f632dd6ff	1	79.08	79.020827	53	pdOPT	5.6651727321592960e-01	14.2	ok	152	0.390	0.735	5.751	0.458	0.851	8	ok
1785971273.907	thanos-epyc7232p	qd	arch0	174	head_t8	8	0-7	0abc064f632dd6ff	2	79.11	79.053763	53	pdOPT	5.6651727321592960e-01	14.2	ok	151	0.383	0.615	5.746	0.444	0.791	8	ok
1785971352.992	thanos-epyc7232p	qd	arch0	174	head_t8	8	0-7	0abc064f632dd6ff	3	79.00	78.938572	53	pdOPT	5.6651727321592960e-01	14.2	ok	151	0.374	0.597	5.743	0.444	0.847	8	ok
