machine	backend	problem	m	config	threads	cpuset	repeat	wall_s	mainloop_s	iters	obj	peak_rss_MB	status
thanos-epyc7232p	qd	control1	21	pristine	1	0	1	0.65	0.640000	46	1.7784626717523405e+01	11.8	ok
thanos-epyc7232p	qd	control1	21	pristine	1	0	2	0.56	0.540000	46	1.7784626717523405e+01	11.6	ok
thanos-epyc7232p	qd	control1	21	pristine	1	0	3	0.40	0.390000	46	1.7784626717523405e+01	11.7	ok
thanos-epyc7232p	qd	control1	21	hardened1	1	0	1	0.37	0.361975	46	1.7784626717523405e+01	11.7	ok
thanos-epyc7232p	qd	control1	21	hardened1	1	0	2	0.36	0.359872	46	1.7784626717523405e+01	11.7	ok
thanos-epyc7232p	qd	control1	21	hardened1	1	0	3	0.36	0.356900	46	1.7784626717523405e+01	11.7	ok
thanos-epyc7232p	qd	control1	21	hardened4	4	0-3	1	0.36	0.357408	46	1.7784626717523405e+01	11.7	ok
thanos-epyc7232p	qd	control1	21	hardened4	4	0-3	2	0.36	0.356372	46	1.7784626717523405e+01	11.8	ok
thanos-epyc7232p	qd	control1	21	hardened4	4	0-3	3	0.36	0.356810	46	1.7784626717523405e+01	11.7	ok
thanos-epyc7232p	qd	control1	21	hardened8	8	0-7	1	0.37	0.363142	46	1.7784626717523405e+01	11.7	ok
thanos-epyc7232p	qd	control1	21	hardened8	8	0-7	2	0.37	0.365614	46	1.7784626717523405e+01	11.7	ok
thanos-epyc7232p	qd	control1	21	hardened8	8	0-7	3	0.36	0.360560	46	1.7784626717523405e+01	11.6	ok
thanos-epyc7232p	qd	theta1	104	pristine	1	0	1	5.82	5.770000	43	2.3000000000000000e+01	11.7	ok
thanos-epyc7232p	qd	theta1	104	pristine	1	0	2	5.78	5.750000	43	2.3000000000000000e+01	11.7	ok
thanos-epyc7232p	qd	theta1	104	pristine	1	0	3	5.80	5.770000	43	2.3000000000000000e+01	11.6	ok
thanos-epyc7232p	qd	theta1	104	hardened1	1	0	1	5.81	5.799719	43	2.3000000000000000e+01	11.7	ok
thanos-epyc7232p	qd	theta1	104	hardened1	1	0	2	5.82	5.808307	43	2.3000000000000000e+01	11.7	ok
thanos-epyc7232p	qd	theta1	104	hardened1	1	0	3	5.78	5.769879	43	2.3000000000000000e+01	11.7	ok
thanos-epyc7232p	qd	theta1	104	hardened4	4	0-3	1	5.57	5.561011	43	2.3000000000000000e+01	11.6	ok
thanos-epyc7232p	qd	theta1	104	hardened4	4	0-3	2	5.57	5.560876	43	2.3000000000000000e+01	11.7	ok
thanos-epyc7232p	qd	theta1	104	hardened4	4	0-3	3	5.56	5.543529	43	2.3000000000000000e+01	11.7	ok
thanos-epyc7232p	qd	theta1	104	hardened8	8	0-7	1	5.53	5.521337	43	2.3000000000000000e+01	11.7	ok
thanos-epyc7232p	qd	theta1	104	hardened8	8	0-7	2	5.54	5.529753	43	2.3000000000000000e+01	11.7	ok
thanos-epyc7232p	qd	theta1	104	hardened8	8	0-7	3	5.60	5.590881	43	2.3000000000000000e+01	11.7	ok
thanos-epyc7232p	qd	truss5	208	pristine	1	0	1	21.23	20.890000	48	-1.3263567797250604e+02	11.7	ok
thanos-epyc7232p	qd	truss5	208	pristine	1	0	2	21.30	20.940000	48	-1.3263567797250604e+02	11.7	ok
thanos-epyc7232p	qd	truss5	208	pristine	1	0	3	21.27	20.890000	48	-1.3263567797250604e+02	11.6	ok
thanos-epyc7232p	qd	truss5	208	hardened1	1	0	1	20.96	20.919569	48	-1.3263567797250604e+02	11.7	ok
thanos-epyc7232p	qd	truss5	208	hardened1	1	0	2	20.99	20.951578	48	-1.3263567797250604e+02	11.7	ok
thanos-epyc7232p	qd	truss5	208	hardened1	1	0	3	21.00	20.956974	48	-1.3263567797250604e+02	11.8	ok
thanos-epyc7232p	qd	truss5	208	hardened4	4	0-3	1	17.48	17.442012	48	-1.3263567797250604e+02	11.7	ok
thanos-epyc7232p	qd	truss5	208	hardened4	4	0-3	2	17.52	17.484788	48	-1.3263567797250604e+02	11.8	ok
thanos-epyc7232p	qd	truss5	208	hardened4	4	0-3	3	17.47	17.433820	48	-1.3263567797250604e+02	11.7	ok
thanos-epyc7232p	qd	truss5	208	hardened8	8	0-7	1	16.43	16.392051	48	-1.3263567797250604e+02	11.6	ok
thanos-epyc7232p	qd	truss5	208	hardened8	8	0-7	2	16.48	16.436942	48	-1.3263567797250604e+02	11.6	ok
thanos-epyc7232p	qd	truss5	208	hardened8	8	0-7	3	16.50	16.460841	48	-1.3263567797250604e+02	11.7	ok
thanos-epyc7232p	qd	gpp100	101	pristine	1	0	1	80.82	80.530000	63	-4.4943550775891147e+01	11.7	ok
thanos-epyc7232p	qd	gpp100	101	pristine	1	0	2	80.92	80.640000	63	-4.4943550775891147e+01	11.7	ok
thanos-epyc7232p	qd	gpp100	101	pristine	1	0	3	80.80	80.550000	63	-4.4943550775891147e+01	11.7	ok
thanos-epyc7232p	qd	gpp100	101	hardened1	1	0	1	63.30	63.255165	49	-4.4943550775891147e+01	11.6	ok
thanos-epyc7232p	qd	gpp100	101	hardened1	1	0	2	63.28	63.238236	49	-4.4943550775891147e+01	11.7	ok
thanos-epyc7232p	qd	gpp100	101	hardened1	1	0	3	63.29	63.245991	49	-4.4943550775891147e+01	11.7	ok
thanos-epyc7232p	qd	gpp100	101	hardened4	4	0-3	1	63.24	63.205358	49	-4.4943550775891147e+01	11.8	ok
thanos-epyc7232p	qd	gpp100	101	hardened4	4	0-3	2	63.17	63.129017	49	-4.4943550775891147e+01	11.7	ok
thanos-epyc7232p	qd	gpp100	101	hardened4	4	0-3	3	63.29	63.249906	49	-4.4943550775891147e+01	11.6	ok
thanos-epyc7232p	qd	gpp100	101	hardened8	8	0-7	1	63.27	63.224410	49	-4.4943550775891147e+01	11.6	ok
thanos-epyc7232p	qd	gpp100	101	hardened8	8	0-7	2	63.25	63.214136	49	-4.4943550775891147e+01	11.6	ok
thanos-epyc7232p	qd	gpp100	101	hardened8	8	0-7	3	63.51	63.466786	49	-4.4943550775891147e+01	11.7	ok
thanos-epyc7232p	qd	arch0	174	pristine	1	0	1	264.29	263.450000	53	5.6651727321592960e-01	13.7	ok
thanos-epyc7232p	qd	arch0	174	pristine	1	0	2	264.30	263.420000	53	5.6651727321592960e-01	13.7	ok
thanos-epyc7232p	qd	arch0	174	pristine	1	0	3	268.39	267.410000	53	5.6651727321592960e-01	13.7	ok
thanos-epyc7232p	qd	arch0	174	hardened1	1	0	1	262.95	262.889976	53	5.6651727321592960e-01	14.2	ok
thanos-epyc7232p	qd	arch0	174	hardened1	1	0	2	262.57	262.514812	53	5.6651727321592960e-01	14.2	ok
thanos-epyc7232p	qd	arch0	174	hardened1	1	0	3	262.84	262.775228	53	5.6651727321592960e-01	14.2	ok
thanos-epyc7232p	qd	arch0	174	hardened4	4	0-3	1	188.24	188.184959	53	5.6651727321592960e-01	14.1	ok
thanos-epyc7232p	qd	arch0	174	hardened4	4	0-3	2	188.47	188.413930	53	5.6651727321592960e-01	14.1	ok
thanos-epyc7232p	qd	arch0	174	hardened4	4	0-3	3	188.48	188.419871	53	5.6651727321592960e-01	14.1	ok
thanos-epyc7232p	qd	arch0	174	hardened8	8	0-7	1	171.67	171.606062	53	5.6651727321592960e-01	14.1	ok
thanos-epyc7232p	qd	arch0	174	hardened8	8	0-7	2	171.84	171.779500	53	5.6651727321592960e-01	14.1	ok
thanos-epyc7232p	qd	arch0	174	hardened8	8	0-7	3	172.02	171.955018	53	5.6651727321592960e-01	14.1	ok
