machine	backend	problem	m	config	threads	cpuset	param_sha	repeat	wall_s	mainloop_s	iters	phase	obj	peak_rss_MB	status	t_end	n_load_samples	foreign_mean	foreign_max	kernel_max	top_foreign	load_note
pi-i9-13900k	qd	control1	21	base1	1	0	0abc064f632dd6ff	1	0.12	0.121137	46	pdOPT	1.7784626717523405e+01	2.7	ok	1785967387.440	1	0.0000	0.0000	0.0100	-:0.00	nearest
pi-i9-13900k	qd	control1	21	base1	1	0	0abc064f632dd6ff	2	0.12	0.121227	46	pdOPT	1.7784626717523405e+01	2.7	ok	1785967387.574	1	0.0000	0.0000	0.0100	-:0.00	nearest
pi-i9-13900k	qd	control1	21	base1	1	0	0abc064f632dd6ff	3	0.12	0.121099	46	pdOPT	1.7784626717523405e+01	2.7	ok	1785967387.707	1	0.0000	0.0000	0.0100	-:0.00	nearest
pi-i9-13900k	qd	control1	21	head1	1	0	0abc064f632dd6ff	1	0.12	0.120411	46	pdOPT	1.7784626717523405e+01	2.7	ok	1785967387.964	1	0.0000	0.0000	0.0100	-:0.00	nearest
pi-i9-13900k	qd	control1	21	head1	1	0	0abc064f632dd6ff	2	0.12	0.120489	46	pdOPT	1.7784626717523405e+01	2.7	ok	1785967388.098	1	0.0000	0.0000	0.0100	-:0.00	nearest
pi-i9-13900k	qd	control1	21	head1	1	0	0abc064f632dd6ff	3	0.12	0.120419	46	pdOPT	1.7784626717523405e+01	2.7	ok	1785967388.230	1	0.0000	0.0000	0.0100	-:0.00	ok
pi-i9-13900k	qd	control1	21	base8	8	0,2,4,6,8,10,12,14	0abc064f632dd6ff	1	0.12	0.121336	46	pdOPT	1.7784626717523405e+01	2.7	ok	1785967388.490	1	0.0000	0.0000	0.0100	-:0.00	nearest
pi-i9-13900k	qd	control1	21	base8	8	0,2,4,6,8,10,12,14	0abc064f632dd6ff	2	0.12	0.121114	46	pdOPT	1.7784626717523405e+01	2.7	ok	1785967388.625	1	0.0000	0.0000	0.0100	-:0.00	nearest
pi-i9-13900k	qd	control1	21	base8	8	0,2,4,6,8,10,12,14	0abc064f632dd6ff	3	0.12	0.121155	46	pdOPT	1.7784626717523405e+01	2.7	ok	1785967388.759	1	0.0000	0.0000	0.0000	-:0.00	nearest
pi-i9-13900k	qd	control1	21	head8	8	0,2,4,6,8,10,12,14	0abc064f632dd6ff	1	0.08	0.086609	46	pdOPT	1.7784626717523405e+01	2.7	ok	1785967388.949	1	0.0000	0.0000	0.0000	-:0.00	nearest
pi-i9-13900k	qd	control1	21	head8	8	0,2,4,6,8,10,12,14	0abc064f632dd6ff	2	0.08	0.086727	46	pdOPT	1.7784626717523405e+01	2.7	ok	1785967389.048	1	0.0000	0.0000	0.0000	-:0.00	nearest
pi-i9-13900k	qd	control1	21	head8	8	0,2,4,6,8,10,12,14	0abc064f632dd6ff	3	0.08	0.086943	46	pdOPT	1.7784626717523405e+01	2.7	ok	1785967389.148	1	0.0000	0.0000	0.0000	-:0.00	nearest
pi-i9-13900k	qd	control1	21	base24	24	0-31	0abc064f632dd6ff	1	0.12	0.121194	46	pdOPT	1.7784626717523405e+01	2.7	ok	1785967389.408	1	0.0000	0.0000	0.0000	-:0.00	nearest
pi-i9-13900k	qd	control1	21	base24	24	0-31	0abc064f632dd6ff	2	0.12	0.121151	46	pdOPT	1.7784626717523405e+01	2.7	ok	1785967389.543	1	0.0000	0.0000	0.0000	-:0.00	nearest
pi-i9-13900k	qd	control1	21	base24	24	0-31	0abc064f632dd6ff	3	0.12	0.121702	46	pdOPT	1.7784626717523405e+01	2.7	ok	1785967389.678	1	0.0000	0.0000	0.0000	-:0.00	nearest
pi-i9-13900k	qd	control1	21	head24	24	0-31	0abc064f632dd6ff	1	0.08	0.086928	46	pdOPT	1.7784626717523405e+01	2.7	ok	1785967389.869	1	0.0000	0.0000	0.0000	-:0.00	nearest
pi-i9-13900k	qd	control1	21	head24	24	0-31	0abc064f632dd6ff	2	0.08	0.086958	46	pdOPT	1.7784626717523405e+01	2.7	ok	1785967389.968	1	0.0000	0.0000	0.0000	-:0.00	nearest
pi-i9-13900k	qd	control1	21	head24	24	0-31	0abc064f632dd6ff	3	0.08	0.086869	46	pdOPT	1.7784626717523405e+01	2.7	ok	1785967390.068	1	0.0000	0.0000	0.0000	-:0.00	nearest
pi-i9-13900k	qd	gpp100	101	base1	1	0	0abc064f632dd6ff	1	23.48	23.470409	57	pFEAS	-4.4943550775891147e+01	7.4	ok	1785967437.054	23	0.0017	0.0200	0.0100	slurmctld:0.02	ok
pi-i9-13900k	qd	gpp100	101	base1	1	0	0abc064f632dd6ff	2	23.51	23.499285	57	pFEAS	-4.4943550775891147e+01	7.4	ok	1785967460.579	24	0.0029	0.0300	0.0100	dbus-daemon:0.01	ok
pi-i9-13900k	qd	gpp100	101	base1	1	0	0abc064f632dd6ff	3	23.48	23.473455	57	pFEAS	-4.4943550775891147e+01	7.4	ok	1785967484.078	23	0.0022	0.0100	0.0100	systemd-oomd:0.01	ok
pi-i9-13900k	qd	gpp100	101	head1	1	0	0abc064f632dd6ff	1	25.49	25.482072	64	pFEAS	-4.4943550775891147e+01	7.4	ok	1785967535.116	25	0.0020	0.0100	0.0200	gnome-shell:0.01	ok
pi-i9-13900k	qd	gpp100	101	head1	1	0	0abc064f632dd6ff	2	25.47	25.465285	64	pFEAS	-4.4943550775891147e+01	7.4	ok	1785967560.607	25	0.0020	0.0200	0.0100	systemd-resolve:0.01	ok
pi-i9-13900k	qd	gpp100	101	head1	1	0	0abc064f632dd6ff	3	25.53	25.517665	64	pFEAS	-4.4943550775891147e+01	7.4	ok	1785967586.151	26	0.0015	0.0100	0.0300	slurmctld:0.01	ok
pi-i9-13900k	qd	gpp100	101	base8	8	0,2,4,6,8,10,12,14	0abc064f632dd6ff	1	23.48	23.476592	57	pFEAS	-4.4943550775891147e+01	7.4	ok	1785967633.141	24	0.0029	0.0200	0.0200	gnome-shell:0.02	ok
pi-i9-13900k	qd	gpp100	101	base8	8	0,2,4,6,8,10,12,14	0abc064f632dd6ff	2	23.48	23.468739	57	pFEAS	-4.4943550775891147e+01	7.4	ok	1785967656.636	23	0.0013	0.0200	0.0200	slurmctld:0.02	ok
pi-i9-13900k	qd	gpp100	101	base8	8	0,2,4,6,8,10,12,14	0abc064f632dd6ff	3	23.48	23.476229	57	pFEAS	-4.4943550775891147e+01	7.4	ok	1785967680.139	24	0.0025	0.0200	0.0200	munged:0.01	ok
pi-i9-13900k	qd	gpp100	101	head8	8	0,2,4,6,8,10,12,14	0abc064f632dd6ff	1	6.31	6.302929	64	pFEAS	-4.4943550775891147e+01	7.4	ok	1785967692.754	6	0.0050	0.0300	0.0200	systemd-oomd:0.01	ok
pi-i9-13900k	qd	gpp100	101	head8	8	0,2,4,6,8,10,12,14	0abc064f632dd6ff	2	6.29	6.284900	64	pFEAS	-4.4943550775891147e+01	7.4	ok	1785967699.065	6	0.0000	0.0000	0.0000	-:0.00	ok
pi-i9-13900k	qd	gpp100	101	head8	8	0,2,4,6,8,10,12,14	0abc064f632dd6ff	3	6.32	6.311944	64	pFEAS	-4.4943550775891147e+01	7.4	ok	1785967705.403	6	0.0017	0.0100	0.0100	slurmctld:0.01	ok
pi-i9-13900k	qd	gpp100	101	base24	24	0-31	0abc064f632dd6ff	1	23.48	23.469910	57	pFEAS	-4.4943550775891147e+01	7.4	ok	1785967752.392	24	0.0025	0.0100	0.0200	slurmctld:0.01	ok
pi-i9-13900k	qd	gpp100	101	base24	24	0-31	0abc064f632dd6ff	2	23.48	23.468086	57	pFEAS	-4.4943550775891147e+01	7.4	ok	1785967775.887	23	0.0017	0.0100	0.0200	slurmctld:0.01	ok
pi-i9-13900k	qd	gpp100	101	base24	24	0-31	0abc064f632dd6ff	3	23.48	23.475828	57	pFEAS	-4.4943550775891147e+01	7.4	ok	1785967799.389	23	0.0009	0.0100	0.0200	slurmctld:0.01	ok
pi-i9-13900k	qd	gpp100	101	head24	24	0-31	0abc064f632dd6ff	1	5.36	5.350976	64	pFEAS	-4.4943550775891147e+01	7.4	ok	1785967810.124	5	0.0000	0.0000	0.0100	-:0.00	ok
pi-i9-13900k	qd	gpp100	101	head24	24	0-31	0abc064f632dd6ff	2	5.35	5.340201	64	pFEAS	-4.4943550775891147e+01	7.4	ok	1785967815.490	6	0.0067	0.0200	0.0000	gnome-shell:0.01	ok
pi-i9-13900k	qd	gpp100	101	head24	24	0-31	0abc064f632dd6ff	3	5.35	5.338708	64	pFEAS	-4.4943550775891147e+01	7.4	ok	1785967820.854	5	0.0020	0.0100	0.0100	slurmctld:0.01	ok
pi-i9-13900k	qd	theta1	104	base1	1	0	0abc064f632dd6ff	1	1.86	1.860860	43	pdOPT	2.3000000000000000e+01	4.2	ok	1785967824.599	2	0.0000	0.0000	0.0100	-:0.00	ok
pi-i9-13900k	qd	theta1	104	base1	1	0	0abc064f632dd6ff	2	1.86	1.860883	43	pdOPT	2.3000000000000000e+01	4.2	ok	1785967826.476	1	0.0000	0.0000	0.0000	-:0.00	ok
pi-i9-13900k	qd	theta1	104	base1	1	0	0abc064f632dd6ff	3	1.88	1.880614	43	pdOPT	2.3000000000000000e+01	4.2	ok	1785967828.371	2	0.0000	0.0000	0.0200	-:0.00	ok
pi-i9-13900k	qd	theta1	104	head1	1	0	0abc064f632dd6ff	1	1.81	1.814841	43	pdOPT	2.3000000000000000e+01	4.2	ok	1785967832.023	2	0.0000	0.0000	0.0000	-:0.00	ok
pi-i9-13900k	qd	theta1	104	head1	1	0	0abc064f632dd6ff	2	1.82	1.817319	43	pdOPT	2.3000000000000000e+01	4.2	ok	1785967833.857	2	0.0000	0.0000	0.0000	-:0.00	ok
pi-i9-13900k	qd	theta1	104	head1	1	0	0abc064f632dd6ff	3	1.81	1.815201	43	pdOPT	2.3000000000000000e+01	4.2	ok	1785967835.687	2	0.0050	0.0100	0.0000	slurmctld:0.01	ok
pi-i9-13900k	qd	theta1	104	base8	8	0,2,4,6,8,10,12,14	0abc064f632dd6ff	1	1.76	1.764985	43	pdOPT	2.3000000000000000e+01	4.2	ok	1785967839.239	2	0.0000	0.0000	0.0000	-:0.00	ok
pi-i9-13900k	qd	theta1	104	base8	8	0,2,4,6,8,10,12,14	0abc064f632dd6ff	2	1.77	1.765398	43	pdOPT	2.3000000000000000e+01	4.2	ok	1785967841.022	2	0.0000	0.0000	0.0100	-:0.00	ok
pi-i9-13900k	qd	theta1	104	base8	8	0,2,4,6,8,10,12,14	0abc064f632dd6ff	3	1.76	1.765003	43	pdOPT	2.3000000000000000e+01	4.2	ok	1785967842.803	2	0.0050	0.0100	0.0000	sshd:0.01	ok
pi-i9-13900k	qd	theta1	104	head8	8	0,2,4,6,8,10,12,14	0abc064f632dd6ff	1	0.96	0.964962	43	pdOPT	2.3000000000000000e+01	4.4	ok	1785967844.757	1	0.0000	0.0000	0.0000	-:0.00	ok
pi-i9-13900k	qd	theta1	104	head8	8	0,2,4,6,8,10,12,14	0abc064f632dd6ff	2	0.96	0.965831	43	pdOPT	2.3000000000000000e+01	4.4	ok	1785967845.739	1	0.0000	0.0000	0.0000	-:0.00	ok
pi-i9-13900k	qd	theta1	104	head8	8	0,2,4,6,8,10,12,14	0abc064f632dd6ff	3	0.96	0.965287	43	pdOPT	2.3000000000000000e+01	4.4	ok	1785967846.720	1	0.0000	0.0000	0.0100	-:0.00	ok
pi-i9-13900k	qd	theta1	104	base24	24	0-31	0abc064f632dd6ff	1	1.77	1.770446	43	pdOPT	2.3000000000000000e+01	4.2	ok	1785967850.285	2	0.0000	0.0000	0.0100	-:0.00	ok
pi-i9-13900k	qd	theta1	104	base24	24	0-31	0abc064f632dd6ff	2	1.79	1.789503	43	pdOPT	2.3000000000000000e+01	4.2	ok	1785967852.090	2	0.0050	0.0100	0.0100	slurmctld:0.01	ok
pi-i9-13900k	qd	theta1	104	base24	24	0-31	0abc064f632dd6ff	3	1.77	1.770319	43	pdOPT	2.3000000000000000e+01	4.2	ok	1785967853.876	2	0.0050	0.0100	0.0100	slurmctld:0.01	ok
pi-i9-13900k	qd	theta1	104	head24	24	0-31	0abc064f632dd6ff	1	0.96	0.959811	43	pdOPT	2.3000000000000000e+01	4.2	ok	1785967855.821	1	0.0000	0.0000	0.0000	-:0.00	ok
pi-i9-13900k	qd	theta1	104	head24	24	0-31	0abc064f632dd6ff	2	0.97	0.975355	43	pdOPT	2.3000000000000000e+01	4.4	ok	1785967856.813	1	0.0000	0.0000	0.0000	-:0.00	ok
pi-i9-13900k	qd	theta1	104	head24	24	0-31	0abc064f632dd6ff	3	0.96	0.961403	43	pdOPT	2.3000000000000000e+01	4.2	ok	1785967857.791	1	0.0000	0.0000	0.0000	-:0.00	ok
pi-i9-13900k	qd	truss5	208	base1	1	0	0abc064f632dd6ff	1	7.06	7.055843	48	pdOPT	-1.3263567797250604e+02	6.2	ok	1785967871.949	7	0.0043	0.0200	0.0100	gnome-shell:0.01	ok
pi-i9-13900k	qd	truss5	208	base1	1	0	0abc064f632dd6ff	2	7.08	7.069251	48	pdOPT	-1.3263567797250604e+02	6.2	ok	1785967879.044	7	0.0000	0.0000	0.0100	-:0.00	ok
pi-i9-13900k	qd	truss5	208	base1	1	0	0abc064f632dd6ff	3	7.06	7.054880	48	pdOPT	-1.3263567797250604e+02	6.2	ok	1785967886.124	7	0.0000	0.0000	0.0000	-:0.00	ok
pi-i9-13900k	qd	truss5	208	head1	1	0	0abc064f632dd6ff	1	7.07	7.061708	48	pdOPT	-1.3263567797250604e+02	6.2	ok	1785967900.273	7	0.0014	0.0100	0.0200	slurmctld:0.01	ok
pi-i9-13900k	qd	truss5	208	head1	1	0	0abc064f632dd6ff	2	7.06	7.051648	48	pdOPT	-1.3263567797250604e+02	6.2	ok	1785967907.351	7	0.0029	0.0100	0.0000	polkitd:0.01	ok
pi-i9-13900k	qd	truss5	208	head1	1	0	0abc064f632dd6ff	3	7.06	7.048719	48	pdOPT	-1.3263567797250604e+02	6.2	ok	1785967914.426	7	0.0029	0.0100	0.0100	slurmctld:0.01	ok
pi-i9-13900k	qd	truss5	208	base8	8	0,2,4,6,8,10,12,14	0abc064f632dd6ff	1	5.11	5.099005	48	pdOPT	-1.3263567797250604e+02	6.2	ok	1785967924.653	5	0.0080	0.0200	0.0200	gnome-shell:0.01	ok
pi-i9-13900k	qd	truss5	208	base8	8	0,2,4,6,8,10,12,14	0abc064f632dd6ff	2	5.09	5.082454	48	pdOPT	-1.3263567797250604e+02	6.2	ok	1785967929.763	5	0.0000	0.0000	0.0000	-:0.00	ok
pi-i9-13900k	qd	truss5	208	base8	8	0,2,4,6,8,10,12,14	0abc064f632dd6ff	3	5.09	5.083646	48	pdOPT	-1.3263567797250604e+02	6.2	ok	1785967934.874	5	0.0060	0.0200	0.0000	gnome-shell:0.01	ok
pi-i9-13900k	qd	truss5	208	head8	8	0,2,4,6,8,10,12,14	0abc064f632dd6ff	1	4.62	4.610825	48	pdOPT	-1.3263567797250604e+02	6.2	ok	1785967944.121	5	0.0020	0.0100	0.0200	slurmctld:0.01	ok
pi-i9-13900k	qd	truss5	208	head8	8	0,2,4,6,8,10,12,14	0abc064f632dd6ff	2	4.6	4.591247	48	pdOPT	-1.3263567797250604e+02	6.2	ok	1785967948.740	4	0.0000	0.0000	0.0000	-:0.00	ok
pi-i9-13900k	qd	truss5	208	head8	8	0,2,4,6,8,10,12,14	0abc064f632dd6ff	3	4.6	4.591290	48	pdOPT	-1.3263567797250604e+02	6.2	ok	1785967953.359	5	0.0040	0.0100	0.0000	slurmctld:0.01	ok
pi-i9-13900k	qd	truss5	208	base24	24	0-31	0abc064f632dd6ff	1	5	4.991973	48	pdOPT	-1.3263567797250604e+02	6.2	ok	1785967963.389	5	0.0040	0.0100	0.0000	slurmctld:0.01	ok
pi-i9-13900k	qd	truss5	208	base24	24	0-31	0abc064f632dd6ff	2	5.02	5.010653	48	pdOPT	-1.3263567797250604e+02	6.2	ok	1785967968.426	5	0.0000	0.0000	0.0200	-:0.00	ok
pi-i9-13900k	qd	truss5	208	base24	24	0-31	0abc064f632dd6ff	3	5	4.992268	48	pdOPT	-1.3263567797250604e+02	6.2	ok	1785967973.446	5	0.0000	0.0000	0.0000	-:0.00	ok
pi-i9-13900k	qd	truss5	208	head24	24	0-31	0abc064f632dd6ff	1	4.55	4.540358	48	pdOPT	-1.3263567797250604e+02	7.9	ok	1785967982.570	5	0.0020	0.0100	0.0200	slurmctld:0.01	ok
pi-i9-13900k	qd	truss5	208	head24	24	0-31	0abc064f632dd6ff	2	4.55	4.539156	48	pdOPT	-1.3263567797250604e+02	7.9	ok	1785967987.134	5	0.0000	0.0000	0.0100	-:0.00	ok
pi-i9-13900k	qd	truss5	208	head24	24	0-31	0abc064f632dd6ff	3	4.57	4.559738	48	pdOPT	-1.3263567797250604e+02	7.9	ok	1785967991.719	4	0.0075	0.0100	0.0200	slurmctld:0.01	ok
pi-i9-13900k	qd	arch0	174	base1	1	0	0abc064f632dd6ff	1	87.29	87.274209	53	pdOPT	5.6651727321592960e-01	14.2	ok	1785968166.305	87	0.0015	0.0200	0.0200	gnome-shell:0.01	ok
pi-i9-13900k	qd	arch0	174	base1	1	0	0abc064f632dd6ff	2	87.29	87.275764	53	pdOPT	5.6651727321592960e-01	14.2	ok	1785968253.613	87	0.0026	0.0300	0.0200	NetworkManager:0.02	ok
pi-i9-13900k	qd	arch0	174	base1	1	0	0abc064f632dd6ff	3	87.29	87.274039	53	pdOPT	5.6651727321592960e-01	14.2	ok	1785968340.919	87	0.0022	0.0300	0.0200	NetworkManager:0.01	ok
pi-i9-13900k	qd	arch0	174	head1	1	0	0abc064f632dd6ff	1	85.37	85.353865	53	pdOPT	5.6651727321592960e-01	14.2	ok	1785968511.790	85	0.0018	0.0300	0.0200	slurmctld:0.02	ok
pi-i9-13900k	qd	arch0	174	head1	1	0	0abc064f632dd6ff	2	85.39	85.377780	53	pdOPT	5.6651727321592960e-01	14.2	ok	1785968597.200	85	0.0020	0.0200	0.0200	dbus-daemon:0.01	ok
pi-i9-13900k	qd	arch0	174	head1	1	0	0abc064f632dd6ff	3	85.39	85.379601	53	pdOPT	5.6651727321592960e-01	14.2	ok	1785968682.611	85	0.0024	0.0300	0.0200	gnome-shell:0.02	ok
pi-i9-13900k	qd	arch0	174	base8	8	0,2,4,6,8,10,12,14	0abc064f632dd6ff	1	51.42	51.402654	53	pdOPT	5.6651727321592960e-01	14.2	ok	1785968785.457	52	0.0027	0.0500	0.0200	gnome-shell:0.02	ok
pi-i9-13900k	qd	arch0	174	base8	8	0,2,4,6,8,10,12,14	0abc064f632dd6ff	2	51.41	51.392111	53	pdOPT	5.6651727321592960e-01	14.2	ok	1785968836.882	51	0.0025	0.0200	0.0200	slurmctld:0.02	ok
pi-i9-13900k	qd	arch0	174	base8	8	0,2,4,6,8,10,12,14	0abc064f632dd6ff	3	51.44	51.426145	53	pdOPT	5.6651727321592960e-01	14.2	ok	1785968888.341	51	0.0016	0.0100	0.0200	slurmctld:0.01	ok
pi-i9-13900k	qd	arch0	174	head8	8	0,2,4,6,8,10,12,14	0abc064f632dd6ff	1	19.48	19.462569	53	pdOPT	5.6651727321592960e-01	14.2	ok	1785968927.333	20	0.0015	0.0100	0.0300	slurmctld:0.01	ok
pi-i9-13900k	qd	arch0	174	head8	8	0,2,4,6,8,10,12,14	0abc064f632dd6ff	2	19.43	19.414039	53	pdOPT	5.6651727321592960e-01	14.2	ok	1785968946.780	19	0.0026	0.0200	0.0100	slurmctld:0.02	ok
pi-i9-13900k	qd	arch0	174	head8	8	0,2,4,6,8,10,12,14	0abc064f632dd6ff	3	19.34	19.320932	53	pdOPT	5.6651727321592960e-01	14.2	ok	1785968966.134	19	0.0021	0.0200	0.0200	gnome-shell:0.02	ok
pi-i9-13900k	qd	arch0	174	base24	24	0-31	0abc064f632dd6ff	1	49.44	49.428098	53	pdOPT	5.6651727321592960e-01	14.2	ok	1785969065.055	49	0.0020	0.0200	0.0300	gnome-shell:0.02	ok
pi-i9-13900k	qd	arch0	174	base24	24	0-31	0abc064f632dd6ff	2	49.45	49.435162	53	pdOPT	5.6651727321592960e-01	14.2	ok	1785969114.522	49	0.0020	0.0100	0.0200	slurmctld:0.01	ok
pi-i9-13900k	qd	arch0	174	base24	24	0-31	0abc064f632dd6ff	3	49.41	49.397172	53	pdOPT	5.6651727321592960e-01	14.2	ok	1785969163.953	49	0.0029	0.0300	0.0200	gnome-shell:0.02	ok
pi-i9-13900k	qd	arch0	174	head24	24	0-31	0abc064f632dd6ff	1	15.58	15.567586	53	pdOPT	5.6651727321592960e-01	14.2	ok	1785969195.115	16	0.0044	0.0300	0.0100	systemd:0.01	ok
pi-i9-13900k	qd	arch0	174	head24	24	0-31	0abc064f632dd6ff	2	15.61	15.591269	53	pdOPT	5.6651727321592960e-01	14.2	ok	1785969210.738	15	0.0007	0.0100	0.0300	slurmctld:0.01	ok
pi-i9-13900k	qd	arch0	174	head24	24	0-31	0abc064f632dd6ff	3	15.59	15.573062	53	pdOPT	5.6651727321592960e-01	14.2	ok	1785969226.344	16	0.0013	0.0100	0.0100	slurmctld:0.01	ok
